id;n_ame;c_ode;d_escription;c_reatedby;c_reatedat;u_pdatedby;u_pdatedat
1;hack JBOD Frozen;Small Steel Towels superstructure;Hryvnia;73436;2020-06-24T18:42:19;23883;2020-06-24T13:48:47
2;Bedfordshire Small Fresh Sausages;explicit Jordan back up;Communications;61841;2020-06-24T19:39:49;44429;2020-06-24T18:07:38
3;Unbranded Wooden Shoes;Face to face multimedia;interfaces;19173;2020-06-24T05:54:27;82980;2020-06-23T21:59:46
4;Movies Serbian Dinar Intelligent Fresh Ball;internet solution driver;Fish Ball Maryland;20088;2020-06-24T01:29:16;15080;2020-06-24T19:57:25
5;orchid;Sports Spring markets;harness;83270;2020-06-24T09:11:47;66063;2020-06-24T11:57:12
6;copying;Principal Estate invoice;Arizona;57477;2020-06-24T13:47:01;20563;2020-06-23T22:56:55
7;Hat Administrator;calculate;Reduced solid state tan;44144;2020-06-24T07:10:47;36202;2020-06-24T10:15:44
8;generate Israel whiteboard;SMS;task-force;6750;2020-06-24T00:37:31;68694;2020-06-24T15:15:28
9;end-to-end Wooden;invoice neural;invoice;17243;2020-06-24T12:34:38;94805;2020-06-24T13:19:20
10;panel COM generate;Ergonomic;driver panel;2775;2020-06-24T10:33:47;46255;2020-06-23T23:18:07
