id;e_mail;p_honenumber;u_sername;l_astseen;d_eactivationdate;f_irstname;l_astname;o_ccupation;c_ity;k_ind;c_reatedby;c_reatedat;u_pdatedby;u_pdatedat
1;Cambodia Rustic Dynamic;blue;Borders;2020-06-24T09:11:11;2020-06-24T13:09:35;Fantastic Wooden Pants Communications Jewelery;project viral;North Dakota;functionalities;Unbranded Granite Keyboard;72896;2020-06-24T19:06:13;36775;2020-06-24T20:26:28
2;azure dynamic Cambridgeshire;Buckinghamshire Borders;cyan e-business;2020-06-24T09:22:19;2020-06-24T17:41:02;Somali Shilling Tennessee;context-sensitive copying Salad;Checking Account Response Maryland;French Guiana withdrawal;Chair;35124;2020-06-24T12:27:32;55028;2020-06-24T20:25:03
3;connecting synergies application;navigate Intelligent Wooden Shoes;Tajikistan incubate Sharable;2020-06-24T05:03:09;2020-06-23T23:58:38;azure Representative;Oklahoma Wooden Incredible Granite Ball;Auto Loan Account;Home Loan Account South Dakota;attitude-oriented Infrastructure;66811;2020-06-23T21:49:24;28824;2020-06-23T23:37:10
4;incremental;Unbranded collaborative;utilize;2020-06-24T03:31:23;2020-06-24T12:42:06;productize;rich;Orchestrator synthesizing;Credit Card Account;Direct;99370;2020-06-23T23:44:51;29238;2020-06-23T23:25:17
5;Games deposit ADP;Home;Concrete Eritrea;2020-06-24T14:02:46;2020-06-24T00:03:20;Toys;Nebraska;THX architectures;framework Hawaii Home Loan Account;Practical TCP Sports;49230;2020-06-24T12:29:55;53383;2020-06-24T10:52:24
6;system-worthy;National Cross-platform Chair;scale USB Table;2020-06-24T05:39:19;2020-06-24T11:07:11;transmit Luxembourg bricks-and-clicks;Implemented;generating panel;Licensed Plastic Chips Ball;Movies;9324;2020-06-23T22:06:24;46497;2020-06-24T13:46:08
7;Maine Rustic;Kroon Somoni;Alaska EXE;2020-06-24T20:35:20;2020-06-24T00:24:31;array orchestrate functionalities;Automotive;Wyoming methodologies;Home Loan Account Incredible Soft Pants e-tailers;Small Concrete Keyboard;76988;2020-06-24T13:47:57;7472;2020-06-24T12:15:52
8;Licensed Fresh Pizza District;functionalities focus group Ville;Pound Sterling Bike;2020-06-24T08:58:25;2020-06-23T22:28:36;scalable;Hills;District;teal;Soft explicit Arkansas;64640;2020-06-24T00:17:37;56454;2020-06-24T00:40:49
9;leverage;e-services Congo Nigeria;Spurs compress Montserrat;2020-06-24T00:57:55;2020-06-24T03:26:38;tan Plastic;invoice Rubber Mandatory;Movies Montenegro solid state;SDD;Car Guernsey;20052;2020-06-24T05:36:05;58299;2020-06-24T01:05:07
10;Azerbaijanian Manat Producer pixel;Camp back-end;invoice integrate;2020-06-24T20:10:43;2020-06-24T12:39:09;calculate Director;parse;auxiliary;orchestration;connecting Cook Islands firewall;69948;2020-06-24T20:40:16;90669;2020-06-24T18:06:21
